"","Barrio","Clase.de.sitio","Código.DANE","New.DANE","EncBarrios","NewSitio"
"1","SECTOR PLAZA DE BOLIVAR","VIAS PUBLICAS","ARTÍCULO 429. VIOLENCIA CONTRA SERVIDOR PÚBLICO","1","1","1"
"2","TERMINAL DE TRANSPORTES","TERMINAL DE TRANSPORTES","ARTÍCULO 342. CONCIERTO PARA DELINQUIR (CIRCUNSTANCIAS DE AGRAVACIÓN)","2","2","2"
"3","SECTOR CARDER","ALMACENES","ARTÍCULO 239. HURTO ENTIDADES COMERCIALES","3","3","3"
"4","AMERICA","VIAS PUBLICAS","ARTÍCULO 239. HURTO MOTOCICLETAS","4","4","1"
"5","TERMINAL DE TRANSPORTES","TERMINAL DE TRANSPORTES","ARTÍCULO 239. HURTO ENTIDADES FINANCIERAS","5","2","2"
"6","SECTOR PARQUE EL LAGO","VIAS PUBLICAS","ARTÍCULO 239. HURTO PERSONAS","6","5","1"
"7","SECTOR PUENTES DE LA 9A CON 12","VIAS PUBLICAS","ARTÍCULO 376. TRÁFICO, FABRICACIÓN O PORTE DE ESTUPEFACIENTES","7","6","1"
"8","P.INDUSTRIAL A","VIAS PUBLICAS","ARTÍCULO 291. USO DE DOCUMENTO FALSO","8","7","1"
"9","VDA. COMBIA","PERIMETRO URBANO","ARTÍCULO 120. LESIONES CULPOSAS ( EN ACCIDENTE DE TRANSITO )","9","8","4"
"10","JARDIN DE VELEZ Y VELEZ","VIAS PUBLICAS","ARTÍCULO 229. VIOLENCIA INTRAFAMILIAR","10","9","1"
"11","CENTRO (A) PEREIRA","LOTE BALDIO","ARTÍCULO 229. VIOLENCIA INTRAFAMILIAR","10","10","5"
"12","SAN JUAN","CASAS DE HABITACION","ARTÍCULO 229. VIOLENCIA INTRAFAMILIAR","10","11","6"
"13","GUAYACANES COM. SAN JOAQUIN","VIAS PUBLICAS","ARTÍCULO 229. VIOLENCIA INTRAFAMILIAR","10","12","1"
"14","POBLADO II","VIAS PUBLICAS","ARTÍCULO 429. VIOLENCIA CONTRA SERVIDOR PÚBLICO","1","13","1"
"15","COROCITO","VIAS PUBLICAS","ARTÍCULO 376. TRÁFICO, FABRICACIÓN O PORTE DE ESTUPEFACIENTES","7","14","1"
"16","LA VICTORIA","VIAS PUBLICAS","ARTÍCULO 239. HURTO PERSONAS","6","15","1"
"17","ALCAZARES CUBA V-3","VIAS PUBLICAS","ARTÍCULO 239. HURTO PERSONAS","6","16","1"
"18","TERRANOVA","VIAS PUBLICAS","ARTÍCULO 111. LESIONES PERSONALES","11","17","1"
"19","TERRANOVA","VIAS PUBLICAS","ARTÍCULO 111. LESIONES PERSONALES","11","17","1"
"20","PLUMON ALTO","VIAS PUBLICAS","ARTÍCULO 208. ACCESO CARNAL ABUSIVO CON MENOR DE 14 AÑOS","12","18","1"
"21","SECTOR GALERIA CENTRAL","VIAS PUBLICAS","ARTÍCULO 239. HURTO PERSONAS","6","19","1"
"22","PROVIDENCIA","VIAS PUBLICAS","ARTÍCULO 376. TRÁFICO, FABRICACIÓN O PORTE DE ESTUPEFACIENTES","7","20","1"
"23","SECTOR PARQUE LA LIBERTAD","VIAS PUBLICAS","ARTÍCULO 239. HURTO PERSONAS","6","21","1"
"24","LA PAZ CENTRO","RESTAURANTES","ARTÍCULO 365. FABRICACIÓN, TRÁFICO, PORTE O TENENCIA DE ARMAS DE FUEGO,ACCESORIOS, PARTES O MUNICIONES","13","22","7"
"25","SECTOR MERCASA","VIAS PUBLICAS","ARTÍCULO 239. HURTO PERSONAS","6","23","1"
"26","SECTOR MERCASA","VIAS PUBLICAS","ARTÍCULO 239. HURTO PERSONAS","6","23","1"
"27","SECTOR PUENTES DE LA 9A CON 12","VIAS PUBLICAS","ARTÍCULO 239. HURTO PERSONAS","6","6","1"
"28","CAFELIA (CERRITOS)","CARRETERA","ARTÍCULO 109. HOMICIDIO CULPOSO ( EN ACCIDENTE DE TRÁNSITO)","14","24","8"
"29","CAIMALITO","VIAS PUBLICAS","ARTÍCULO 376. TRÁFICO, FABRICACIÓN O PORTE DE ESTUPEFACIENTES","7","25","1"
"30","EL REMANSO","VIAS PUBLICAS","ARTÍCULO 229. VIOLENCIA INTRAFAMILIAR","10","26","1"
"31","COROCITO","VIAS PUBLICAS","ARTÍCULO 239. HURTO PERSONAS","6","14","1"
"32","SAN JOAQUIN","VIAS PUBLICAS","ARTÍCULO 376. TRÁFICO, FABRICACIÓN O PORTE DE ESTUPEFACIENTES","7","27","1"
"33","SECTOR PLAZA DE BOLIVAR","VIAS PUBLICAS","ARTÍCULO 239. HURTO PERSONAS","6","1","1"
"34","LA PAZ CENTRO","VIAS PUBLICAS","ARTÍCULO 376. TRÁFICO, FABRICACIÓN O PORTE DE ESTUPEFACIENTES","7","22","1"
"35","TRAVESURAS-LA CHURRIA","VIAS PUBLICAS","ARTÍCULO 376. TRÁFICO, FABRICACIÓN O PORTE DE ESTUPEFACIENTES","7","28","1"
"36","CIUDAD BOQUIA","VIAS PUBLICAS","ARTÍCULO 103. HOMICIDIO","15","29","1"
"37","MATECAÑA","CASAS DE HABITACION","ARTÍCULO 376. TRÁFICO, FABRICACIÓN O PORTE DE ESTUPEFACIENTES","7","30","6"
"38","PRIMERO DE FEBRERO 1","VIAS PUBLICAS","ARTÍCULO 365. FABRICACIÓN, TRÁFICO, PORTE O TENENCIA DE ARMAS DE FUEGO,ACCESORIOS, PARTES O MUNICIONES","13","31","1"
"39","SECTOR CARDER","INSTALACIONES DE LA POLICIA","ARTÍCULO 239. HURTO PERSONAS","6","3","9"
"40","SECTOR PARQUE LA LIBERTAD","VIAS PUBLICAS","ARTÍCULO 365. FABRICACIÓN, TRÁFICO, PORTE O TENENCIA DE ARMAS DE FUEGO,ACCESORIOS, PARTES O MUNICIONES","13","21","1"
"41","LA ISLA DE CUBA","VIAS PUBLICAS","ARTÍCULO 229. VIOLENCIA INTRAFAMILIAR","10","32","1"
"42","GALICIA BAJA","VIAS PUBLICAS","ARTÍCULO 376. TRÁFICO, FABRICACIÓN O PORTE DE ESTUPEFACIENTES","7","33","1"
"43","SAN GREGORIO","VIAS PUBLICAS","ARTÍCULO 103. HOMICIDIO","15","34","1"
"44","SECTOR PUENTES DE LA 9A CON 12","VIAS PUBLICAS","ARTÍCULO 447. RECEPTACIÓN","16","6","1"
"45","SECTOR PUENTES DE LA 9A CON 12","VIAS PUBLICAS","ARTÍCULO 447. RECEPTACIÓN","16","6","1"
"46","LOS CRISTALES","VIAS PUBLICAS","ARTÍCULO 239. HURTO MOTOCICLETAS","4","35","1"
"47","SAN ESTEBAN","VIAS PUBLICAS","ARTÍCULO 376. TRÁFICO, FABRICACIÓN O PORTE DE ESTUPEFACIENTES","7","36","1"
"48","PRIMERO DE FEBRERO 1","TIENDA","ARTÍCULO 239. HURTO ENTIDADES COMERCIALES","3","31","10"
"49","SAN JORGE","VIAS PUBLICAS","ARTÍCULO 244. EXTORSIÓN","17","37","1"
"50","SECTOR PUENTES DE LA 9A CON 12","VIAS PUBLICAS","ARTÍCULO 239. HURTO ENTIDADES COMERCIALES","3","6","1"
"51","SECTOR PUENTES DE LA 9A CON 12","VIAS PUBLICAS","ARTÍCULO 239. HURTO ENTIDADES COMERCIALES","3","6","1"
"52","SECTOR PUENTES DE LA 9A CON 12","VIAS PUBLICAS","ARTÍCULO 239. HURTO ENTIDADES COMERCIALES","3","6","1"
"53","LA PAZ CENTRO","VIAS PUBLICAS","ARTÍCULO 239. HURTO PERSONAS","6","22","1"
"54","BOSTON","VIAS PUBLICAS","ARTÍCULO 331. DAÑOS EN LOS RECURSOS NATURALES","18","38","1"
"55","BOSTON","VIAS PUBLICAS","ARTÍCULO 331. DAÑOS EN LOS RECURSOS NATURALES","18","38","1"
"56","PRIMERO DE FEBRERO 1","VIAS PUBLICAS","ARTÍCULO 229. VIOLENCIA INTRAFAMILIAR","10","31","1"
"57","LAS BRISAS  (V/SANTANA)","VIAS PUBLICAS","ARTÍCULO 229. VIOLENCIA INTRAFAMILIAR","10","39","1"
"58","EL DORADO","RIOS","ARTÍCULO 328. ILÍCITO APROVECHAMIENTO DE LOS RECURSOS NATURALES RENOVABLES","19","40","11"
"59","SECTOR PUENTES DE LA 9A CON 12","VIAS PUBLICAS","ARTÍCULO 239. HURTO MOTOCICLETAS","4","6","1"
"60","SECTOR PUENTES DE LA 9A CON 12","VIAS PUBLICAS","ARTÍCULO 239. HURTO MOTOCICLETAS","4","6","1"
"61","LA ISLA (V/SANTANA)","VIAS PUBLICAS","ARTÍCULO 239. HURTO PERSONAS","6","41","1"
"62","P.INDUSTRIAL A","VIAS PUBLICAS","ARTÍCULO 229. VIOLENCIA INTRAFAMILIAR","10","7","1"
"63","PRIMERO DE FEBRERO 1","VIAS PUBLICAS","ARTÍCULO 229. VIOLENCIA INTRAFAMILIAR","10","31","1"
"64","LA PAZ CENTRO","CASAS DE HABITACION","ARTÍCULO 376. TRÁFICO, FABRICACIÓN O PORTE DE ESTUPEFACIENTES","7","22","6"
"65","SECTOR PLAZA DE BOLIVAR","VIAS PUBLICAS","ARTÍCULO 239. HURTO PERSONAS","6","1","1"
"66","SANTA TERESITA","VIAS PUBLICAS","ARTÍCULO 111. LESIONES PERSONALES","11","42","1"
"67","SECTOR GALERIA CENTRAL","VIAS PUBLICAS","ARTÍCULO 376. TRÁFICO, FABRICACIÓN O PORTE DE ESTUPEFACIENTES","7","19","1"
"68","SAN NICOLAS","VIAS PUBLICAS","ARTÍCULO 233. INASISTENCIA ALIMENTARIA.","20","43","1"
"69","CAIMALITO","VIAS PUBLICAS","ARTÍCULO 239. HURTO PERSONAS","6","25","1"
"70","JARDIN DE VELEZ Y VELEZ","VIAS PUBLICAS","ARTÍCULO 365. FABRICACIÓN, TRÁFICO, PORTE O TENENCIA DE ARMAS DE FUEGO,ACCESORIOS, PARTES O MUNICIONES","13","9","1"
"71","VILLAVICENCIO","VIAS PUBLICAS","ARTÍCULO 239. HURTO ENTIDADES COMERCIALES","3","44","1"
"72","EL TRIUNFO","VIAS PUBLICAS","ARTÍCULO 365. FABRICACIÓN, TRÁFICO, PORTE O TENENCIA DE ARMAS DE FUEGO,ACCESORIOS, PARTES O MUNICIONES","13","45","1"
"73","PINARES","VIAS PUBLICAS","ARTÍCULO 239. HURTO ENTIDADES COMERCIALES","3","46","1"
"74","NACEDEROS I","VIAS PUBLICAS","ARTÍCULO 376. TRÁFICO, FABRICACIÓN O PORTE DE ESTUPEFACIENTES","7","47","1"
"75","LA PALMERA","CASAS DE HABITACION","ARTÍCULO 239. HURTO RESIDENCIAS","21","48","6"
"76","SANTA TERESITA","VIAS PUBLICAS","ARTÍCULO 376. TRÁFICO, FABRICACIÓN O PORTE DE ESTUPEFACIENTES","7","42","1"
"77","SECTOR PARQUE LA LIBERTAD","VIAS PUBLICAS","ARTÍCULO 239. HURTO PERSONAS","6","21","1"
"78","SECTOR PARQUE EL LAGO","VIAS PUBLICAS","ARTÍCULO 239. HURTO ENTIDADES COMERCIALES","3","5","1"
"79","SECTOR PARQUE LA LIBERTAD","VIAS PUBLICAS","ARTÍCULO 239. HURTO PERSONAS","6","21","1"
"80","TURIN","VIAS PUBLICAS","ARTÍCULO 244. EXTORSIÓN","17","49","1"
"81","SECTOR PARQUE LA LIBERTAD","VIAS PUBLICAS","ARTÍCULO 365. FABRICACIÓN, TRÁFICO, PORTE O TENENCIA DE ARMAS DE FUEGO,ACCESORIOS, PARTES O MUNICIONES","13","21","1"
"82","LENINGRADO III","VIAS PUBLICAS","ARTÍCULO 103. HOMICIDIO","15","50","1"
"83","SANTA TERESITA","VIAS PUBLICAS","ARTÍCULO 376. TRÁFICO, FABRICACIÓN O PORTE DE ESTUPEFACIENTES","7","42","1"
"84","LENINGRADO III","VIAS PUBLICAS","ARTÍCULO 365. FABRICACIÓN, TRÁFICO, PORTE O TENENCIA DE ARMAS DE FUEGO,ACCESORIOS, PARTES O MUNICIONES","13","50","1"
"85","ROCIO BAJO","VIAS PUBLICAS","ARTÍCULO 239. HURTO PERSONAS","6","51","1"
"86","SECTOR PARQUE LA LIBERTAD","LOCAL COMERCIAL","ARTÍCULO 239. HURTO ENTIDADES COMERCIALES","3","21","12"
"87","CORREG. (PTO CALDAS)","VIAS PUBLICAS","ARTÍCULO 229. VIOLENCIA INTRAFAMILIAR","10","52","1"
"88","VILLA VERDE","VIAS PUBLICAS","ARTÍCULO 291. USO DE DOCUMENTO FALSO","8","53","1"
"89","SECTOR CARCEL LA 40","VIAS PUBLICAS","ARTÍCULO 376. TRÁFICO, FABRICACIÓN O PORTE DE ESTUPEFACIENTES","7","54","1"
"90","SECTOR PLAZA DE BOLIVAR","BANCOS","ARTÍCULO 239. HURTO ENTIDADES FINANCIERAS","5","1","13"
"91","SAN VICENTE","VIAS PUBLICAS","ARTÍCULO 229. VIOLENCIA INTRAFAMILIAR","10","55","1"
"92","COROCITO","VIAS PUBLICAS","ARTÍCULO 376. TRÁFICO, FABRICACIÓN O PORTE DE ESTUPEFACIENTES","7","14","1"
"93","ORMAZA (C/ORIENTE)","VIAS PUBLICAS","ARTÍCULO 229. VIOLENCIA INTRAFAMILIAR","10","56","1"
"94","PLAZA CIVICA CIUDAD VICTORIA","ALMACENES","ARTÍCULO 239. HURTO ENTIDADES COMERCIALES","3","57","3"
"95","SAN JOAQUIN","VIAS PUBLICAS","ARTÍCULO 340. CONCIERTO PARA DELINQUIR","22","27","1"
"96","CUBA V-8","VIAS PUBLICAS","ARTÍCULO 209. ACTOS SEXUALES CON MENOR DE 14 AÑOS","23","58","1"
"97","LA JULITA SECTOR","VIAS PUBLICAS","ARTÍCULO 328. ILÍCITO APROVECHAMIENTO DE LOS RECURSOS NATURALES RENOVABLES","19","59","1"
"98","LA JULITA SECTOR","VIAS PUBLICAS","ARTÍCULO 328. ILÍCITO APROVECHAMIENTO DE LOS RECURSOS NATURALES RENOVABLES","19","59","1"
"99","LA JULITA SECTOR","VIAS PUBLICAS","ARTÍCULO 328. ILÍCITO APROVECHAMIENTO DE LOS RECURSOS NATURALES RENOVABLES","19","59","1"
"100","LA JULITA SECTOR","VIAS PUBLICAS","ARTÍCULO 328. ILÍCITO APROVECHAMIENTO DE LOS RECURSOS NATURALES RENOVABLES","19","59","1"
"101","LA JULITA SECTOR","VIAS PUBLICAS","ARTÍCULO 328. ILÍCITO APROVECHAMIENTO DE LOS RECURSOS NATURALES RENOVABLES","19","59","1"
"102","LA JULITA SECTOR","VIAS PUBLICAS","ARTÍCULO 328. ILÍCITO APROVECHAMIENTO DE LOS RECURSOS NATURALES RENOVABLES","19","59","1"
"103","SECTOR CARCEL LA 40","VIAS PUBLICAS","ARTÍCULO 365. FABRICACIÓN, TRÁFICO, PORTE O TENENCIA DE ARMAS DE FUEGO,ACCESORIOS, PARTES O MUNICIONES","13","54","1"
"104","KENNEDY","TRANSPORTE PUBLICO URBANO","ARTÍCULO 239. HURTO PERSONAS","6","60","14"
"105","SECTOR PUENTES DE LA 9A CON 12","VIAS PUBLICAS","ARTÍCULO 376. TRÁFICO, FABRICACIÓN O PORTE DE ESTUPEFACIENTES","7","6","1"
"106","JARDIN II","VIAS PUBLICAS","ARTÍCULO 111. LESIONES PERSONALES","11","61","1"
"107","CIUDADELA TOKIO","VIAS PUBLICAS","ARTÍCULO 111. LESIONES PERSONALES","11","62","1"
"108","EL TRIUNFO","CASAS DE HABITACION","ARTÍCULO 376. TRÁFICO, FABRICACIÓN O PORTE DE ESTUPEFACIENTES","7","45","6"
"109","EL TRIUNFO","CASAS DE HABITACION","ARTÍCULO 376. TRÁFICO, FABRICACIÓN O PORTE DE ESTUPEFACIENTES","7","45","6"
"110","EL TRIUNFO","CASAS DE HABITACION","ARTÍCULO 376. TRÁFICO, FABRICACIÓN O PORTE DE ESTUPEFACIENTES","7","45","6"
"111","EL TRIUNFO","CASAS DE HABITACION","ARTÍCULO 376. TRÁFICO, FABRICACIÓN O PORTE DE ESTUPEFACIENTES","7","45","6"
"112","EL TRIUNFO","CASAS DE HABITACION","ARTÍCULO 376. TRÁFICO, FABRICACIÓN O PORTE DE ESTUPEFACIENTES","7","45","6"
"113","JARDIN DE VELEZ Y VELEZ","VIAS PUBLICAS","ARTÍCULO 239. HURTO PERSONAS","6","9","1"
"114","CORREG. (PTO CALDAS)","VIAS PUBLICAS","ARTÍCULO 229. VIOLENCIA INTRAFAMILIAR","10","52","1"
"115","TRAVESURAS-LA CHURRIA","VIAS PUBLICAS","ARTÍCULO 376. TRÁFICO, FABRICACIÓN O PORTE DE ESTUPEFACIENTES","7","28","1"
"116","LA PAZ CENTRO","VIAS PUBLICAS","ARTÍCULO 111. LESIONES PERSONALES","11","22","1"
"117","MONSERRATE","VIAS PUBLICAS","ARTÍCULO 365. FABRICACIÓN, TRÁFICO, PORTE O TENENCIA DE ARMAS DE FUEGO,ACCESORIOS, PARTES O MUNICIONES","13","63","1"
"118","GAMMA V","CENTRO COMERCIAL","ARTÍCULO 239. HURTO ENTIDADES COMERCIALES","3","64","15"
"119","PLAZA CIVICA CIUDAD VICTORIA","VIAS PUBLICAS","ARTÍCULO 286. FALSEDAD IDEOLÓGICA EN DOCUMENTO PÚBLICO","24","57","1"
"120","PARQUE GUADALUPE ZAPATA","PARQUES","ARTÍCULO 229. VIOLENCIA INTRAFAMILIAR","10","65","16"
"121","TERMINAL DE TRANSPORTES","VIAS PUBLICAS","ARTÍCULO 376. TRÁFICO, FABRICACIÓN O PORTE DE ESTUPEFACIENTES","7","2","1"
"122","PRIMERO DE FEBRERO 1","CASAS DE HABITACION","ARTÍCULO 239. HURTO RESIDENCIAS","21","31","6"
"123","SECTOR GALERIA CENTRAL","ALMACENES","ARTÍCULO 239. HURTO ENTIDADES COMERCIALES","3","19","3"
"124","EL DORADO","CASAS DE HABITACION","ARTÍCULO 376. TRÁFICO, FABRICACIÓN O PORTE DE ESTUPEFACIENTES","7","40","6"
"125","COROCITO","VIAS PUBLICAS","ARTÍCULO 376. TRÁFICO, FABRICACIÓN O PORTE DE ESTUPEFACIENTES","7","14","1"
"126","SECTOR AV 30 AGO ENTRE CL 37 Y 41","VIAS PUBLICAS","ARTÍCULO 239. HURTO PERSONAS","6","66","1"
"127","SAMARIA II","VIAS PUBLICAS","ARTÍCULO 111. LESIONES PERSONALES","11","67","1"
"128","SAMARIA II","VIAS PUBLICAS","ARTÍCULO 111. LESIONES PERSONALES","11","67","1"
"129","GAMMA V","VIAS PUBLICAS","ARTÍCULO 233. INASISTENCIA ALIMENTARIA.","20","64","1"
"130","BYRON GAVIRIA","VIAS PUBLICAS","ARTÍCULO 229. VIOLENCIA INTRAFAMILIAR","10","68","1"
"131","BOSTON","VIAS PUBLICAS","ARTÍCULO 376. TRÁFICO, FABRICACIÓN O PORTE DE ESTUPEFACIENTES","7","38","1"
"132","LENINGRADO III","VIAS PUBLICAS","ARTÍCULO 376. TRÁFICO, FABRICACIÓN O PORTE DE ESTUPEFACIENTES","7","50","1"
"133","KENNEDY","VIAS PUBLICAS","ARTÍCULO 229. VIOLENCIA INTRAFAMILIAR","10","60","1"
"134","KENNEDY","VIAS PUBLICAS","ARTÍCULO 229. VIOLENCIA INTRAFAMILIAR","10","60","1"
"135","RESTREPO","VIAS PUBLICAS","ARTÍCULO 365. FABRICACIÓN, TRÁFICO, PORTE O TENENCIA DE ARMAS DE FUEGO,ACCESORIOS, PARTES O MUNICIONES","13","69","1"
"136","SAN JUAN","VIAS PUBLICAS","ARTÍCULO 376. TRÁFICO, FABRICACIÓN O PORTE DE ESTUPEFACIENTES","7","11","1"
"137","CUBA V-8","VIAS PUBLICAS","ARTÍCULO 103. HOMICIDIO","15","58","1"
"138","SECTOR CARCEL LA 40","VIAS PUBLICAS","ARTÍCULO 103. HOMICIDIO","15","54","1"
"139","SAN JORGE","VIAS PUBLICAS","ARTÍCULO 376. TRÁFICO, FABRICACIÓN O PORTE DE ESTUPEFACIENTES","7","37","1"
"140","SAN JORGE","VIAS PUBLICAS","ARTÍCULO 376. TRÁFICO, FABRICACIÓN O PORTE DE ESTUPEFACIENTES","7","37","1"
"141","LAS PALMAS RIO OTUN","VIAS PUBLICAS","ARTÍCULO 376. TRÁFICO, FABRICACIÓN O PORTE DE ESTUPEFACIENTES","7","70","1"
"142","LA PALMERA","VIAS PUBLICAS","ARTÍCULO 365. FABRICACIÓN, TRÁFICO, PORTE O TENENCIA DE ARMAS DE FUEGO,ACCESORIOS, PARTES O MUNICIONES","13","48","1"
"143","SECTOR CARCEL LA 40","VIAS PUBLICAS","ARTÍCULO 239. HURTO ENTIDADES COMERCIALES","3","54","1"
"144","SECTOR CARCEL LA 40","VIAS PUBLICAS","ARTÍCULO 239. HURTO ENTIDADES COMERCIALES","3","54","1"
"145","VDA. ALTAGRACIA","VIAS PUBLICAS","ARTÍCULO 376. TRÁFICO, FABRICACIÓN O PORTE DE ESTUPEFACIENTES","7","71","1"
"146","SECTOR PUENTES DE LA 9A CON 12","VIAS PUBLICAS","ARTÍCULO 376. TRÁFICO, FABRICACIÓN O PORTE DE ESTUPEFACIENTES","7","6","1"
"147","TERMINAL DE TRANSPORTES","TERMINAL DE TRANSPORTES","ARTÍCULO 346. UTILIZACIÓN ILEGAL DE UNIFORMES E INSIGNIAS","25","2","2"
"148","SECTOR PUENTES DE LA 9A CON 12","VIAS PUBLICAS","ARTÍCULO 239. HURTO RESIDENCIAS","21","6","1"
"149","BALCONES DE LA ALAMEDA","VIAS PUBLICAS","ARTÍCULO 376. TRÁFICO, FABRICACIÓN O PORTE DE ESTUPEFACIENTES","7","72","1"
"150","BALCONES DE LA ALAMEDA","VIAS PUBLICAS","ARTÍCULO 376. TRÁFICO, FABRICACIÓN O PORTE DE ESTUPEFACIENTES","7","72","1"
"151","BALCONES DE LA ALAMEDA","VIAS PUBLICAS","ARTÍCULO 376. TRÁFICO, FABRICACIÓN O PORTE DE ESTUPEFACIENTES","7","72","1"
"152","BALCONES DE LA ALAMEDA","VIAS PUBLICAS","ARTÍCULO 376. TRÁFICO, FABRICACIÓN O PORTE DE ESTUPEFACIENTES","7","72","1"
"153","BALCONES DE LA ALAMEDA","VIAS PUBLICAS","ARTÍCULO 376. TRÁFICO, FABRICACIÓN O PORTE DE ESTUPEFACIENTES","7","72","1"
"154","BALCONES DE LA ALAMEDA","VIAS PUBLICAS","ARTÍCULO 376. TRÁFICO, FABRICACIÓN O PORTE DE ESTUPEFACIENTES","7","72","1"
"155","COROCITO","VIAS PUBLICAS","ARTÍCULO 239. HURTO PERSONAS","6","14","1"
"156","RESTREPO","VIAS PUBLICAS","ARTÍCULO 376. TRÁFICO, FABRICACIÓN O PORTE DE ESTUPEFACIENTES","7","69","1"
"157","LA VILLA","VIAS PUBLICAS","ARTÍCULO 340. CONCIERTO PARA DELINQUIR","22","73","1"
"158","SAN ESTEBAN","SUPERMERCADOS","ARTÍCULO 239. HURTO ENTIDADES COMERCIALES","3","36","17"
"159","COROCITO","VIAS PUBLICAS","ARTÍCULO 271. DEFRAUDACIÓN A LOS DERECHOS PATRIMONIALES DE AUTOR","26","14","1"
"160","SECTOR PARQUE LA LIBERTAD","ESTABLECIMIENTO DE COMERCIO","ARTÍCULO 111. LESIONES PERSONALES","11","21","18"
"161","SANTA TERESITA","VIAS PUBLICAS","ARTÍCULO 229. VIOLENCIA INTRAFAMILIAR","10","42","1"
"162","LOS NOGALES VICOM 7","VIAS PUBLICAS","ARTÍCULO 265. DAÑO EN BIEN AJENO","27","74","1"
"163","SECTOR CARCEL LA 40","VIAS PUBLICAS","ARTÍCULO 239. HURTO PERSONAS","6","54","1"
"164","SAN GREGORIO","VIAS PUBLICAS","ARTÍCULO 111. LESIONES PERSONALES","11","34","1"
"165","EL DORADO","VIAS PUBLICAS","ARTÍCULO 103. HOMICIDIO","15","40","1"
"166","NUEVO PEÑOL","VIAS PUBLICAS","ARTÍCULO 376. TRÁFICO, FABRICACIÓN O PORTE DE ESTUPEFACIENTES","7","75","1"
"167","TRAVESURAS-LA CHURRIA","VIAS PUBLICAS","ARTÍCULO 376. TRÁFICO, FABRICACIÓN O PORTE DE ESTUPEFACIENTES","7","28","1"
"168","SAN JORGE","VIAS PUBLICAS","ARTÍCULO 239. HURTO MOTOCICLETAS","4","37","1"
"169","TERMINAL DE TRANSPORTES","TERMINAL DE TRANSPORTES","ARTÍCULO 346. UTILIZACIÓN ILEGAL DE UNIFORMES E INSIGNIAS","25","2","2"
"170","LAS BRISAS  (V/SANTANA)","VIAS PUBLICAS","ARTÍCULO 376. TRÁFICO, FABRICACIÓN O PORTE DE ESTUPEFACIENTES","7","39","1"
"171","CORALES","VIAS PUBLICAS","ARTÍCULO 447. RECEPTACIÓN","16","76","1"
"172","PRIMERO DE FEBRERO 1","VIAS PUBLICAS","ARTÍCULO 229. VIOLENCIA INTRAFAMILIAR","10","31","1"
"173","TERMINAL DE TRANSPORTES","TERMINAL DE TRANSPORTES","ARTÍCULO 376. TRÁFICO, FABRICACIÓN O PORTE DE ESTUPEFACIENTES","7","2","2"
"174","HERNANDO VELEZ MARULANDA","VIAS PUBLICAS","ARTÍCULO 229. VIOLENCIA INTRAFAMILIAR","10","77","1"
"175","SAN ESTEBAN","VIAS PUBLICAS","ARTÍCULO 365. FABRICACIÓN, TRÁFICO, PORTE O TENENCIA DE ARMAS DE FUEGO,ACCESORIOS, PARTES O MUNICIONES","13","36","1"
"176","VILLAVICENCIO","VIAS PUBLICAS","ARTÍCULO 296. FALSEDAD PERSONAL","28","44","1"
"177","INTERMEDIO (V/SANTANA)","VIAS PUBLICAS","ARTÍCULO 111. LESIONES PERSONALES","11","78","1"
"178","SECTOR PARQUE LA LIBERTAD","VIAS PUBLICAS","ARTÍCULO 239. HURTO PERSONAS","6","21","1"
"179","CAMPO ALEGRE","VIAS PUBLICAS","ARTÍCULO 376. TRÁFICO, FABRICACIÓN O PORTE DE ESTUPEFACIENTES","7","79","1"
"180","SECTOR PARQUE LA LIBERTAD","LOCAL COMERCIAL","ARTÍCULO 239. HURTO PERSONAS","6","21","12"
"181","NUEVO PEÑOL","VIAS PUBLICAS","ARTÍCULO 376. TRÁFICO, FABRICACIÓN O PORTE DE ESTUPEFACIENTES","7","75","1"
"182","SECTOR CARCEL LA 40","VIAS PUBLICAS","ARTÍCULO 239. HURTO PERSONAS","6","54","1"
"183","SECTOR PARQUE LA LIBERTAD","VIAS PUBLICAS","ARTÍCULO 376. TRÁFICO, FABRICACIÓN O PORTE DE ESTUPEFACIENTES","7","21","1"
"184","SECTOR PUENTES DE LA 9A CON 12","VIAS PUBLICAS","ARTÍCULO 365. FABRICACIÓN, TRÁFICO, PORTE O TENENCIA DE ARMAS DE FUEGO,ACCESORIOS, PARTES O MUNICIONES","13","6","1"
"185","MONSERRATE","VIAS PUBLICAS","ARTÍCULO 111. LESIONES PERSONALES","11","63","1"
"186","SECTOR PUENTES DE LA 9A CON 12","VIAS PUBLICAS","ARTÍCULO 239. HURTO PERSONAS","6","6","1"
"187","P.INDUSTRIAL D","VIAS PUBLICAS","ARTÍCULO 376. TRÁFICO, FABRICACIÓN O PORTE DE ESTUPEFACIENTES","7","80","1"
"188","CONJ. RES. CORALINA","VIAS PUBLICAS","ARTÍCULO 244. EXTORSIÓN","17","81","1"
"189","SECTOR CARCEL LA 40","VIAS PUBLICAS","ARTÍCULO 365. FABRICACIÓN, TRÁFICO, PORTE O TENENCIA DE ARMAS DE FUEGO,ACCESORIOS, PARTES O MUNICIONES","13","54","1"
"190","SAMARIA I","VIAS PUBLICAS","ARTÍCULO 365. FABRICACIÓN, TRÁFICO, PORTE O TENENCIA DE ARMAS DE FUEGO,ACCESORIOS, PARTES O MUNICIONES","13","82","1"
"191","SAN GREGORIO","CASAS DE HABITACION","ARTÍCULO 111. LESIONES PERSONALES","11","34","6"
"192","SAN GREGORIO","CASAS DE HABITACION","ARTÍCULO 111. LESIONES PERSONALES","11","34","6"
"193","CENTENARIO","VIAS PUBLICAS","ARTÍCULO 376. TRÁFICO, FABRICACIÓN O PORTE DE ESTUPEFACIENTES","7","83","1"
"194","CENTENARIO","VIAS PUBLICAS","ARTÍCULO 376. TRÁFICO, FABRICACIÓN O PORTE DE ESTUPEFACIENTES","7","83","1"
"195","CENTENARIO","VIAS PUBLICAS","ARTÍCULO 376. TRÁFICO, FABRICACIÓN O PORTE DE ESTUPEFACIENTES","7","83","1"
"196","CENTENARIO","CASAS DE HABITACION","ARTÍCULO 340. CONCIERTO PARA DELINQUIR","22","83","6"
"197","PRIMERO DE FEBRERO 1","CASAS DE HABITACION","ARTÍCULO 340. CONCIERTO PARA DELINQUIR","22","31","6"
"198","SECTOR CARCEL LA 40","VIAS PUBLICAS","ARTÍCULO 239. HURTO PERSONAS","6","54","1"
"199","SECTOR PLAZA DE BOLIVAR","LOCAL COMERCIAL","ARTÍCULO 246. ESTAFA","29","1","12"
"200","SAN JUAN","VIAS PUBLICAS","ARTÍCULO 376. TRÁFICO, FABRICACIÓN O PORTE DE ESTUPEFACIENTES","7","11","1"
"201","SAMARIA II","VIAS PUBLICAS","ARTÍCULO 429. VIOLENCIA CONTRA SERVIDOR PÚBLICO","1","67","1"
"202","SECTOR PUENTES DE LA 9A CON 12","VIAS PUBLICAS","ARTÍCULO 239. HURTO PERSONAS","6","6","1"
"203","LA PAZ CENTRO","CASAS DE HABITACION","ARTÍCULO 376. TRÁFICO, FABRICACIÓN O PORTE DE ESTUPEFACIENTES","7","22","6"
"204","LA PAZ CENTRO","CASAS DE HABITACION","ARTÍCULO 376. TRÁFICO, FABRICACIÓN O PORTE DE ESTUPEFACIENTES","7","22","6"
"205","VILLAVICENCIO","VIAS PUBLICAS","ARTÍCULO 376. TRÁFICO, FABRICACIÓN O PORTE DE ESTUPEFACIENTES","7","44","1"
"206","CAÑARTE","VIAS PUBLICAS","ARTÍCULO 239. HURTO ENTIDADES COMERCIALES","3","84","1"
"207","CIUDADELA SALAMANCA V.I.P","VIAS PUBLICAS","ARTÍCULO 111. LESIONES PERSONALES","11","85","1"
"208","RESTREPO","VIAS PUBLICAS","ARTÍCULO 376. TRÁFICO, FABRICACIÓN O PORTE DE ESTUPEFACIENTES","7","69","1"
"209","LAURELES II","VIAS PUBLICAS","ARTÍCULO 376. TRÁFICO, FABRICACIÓN O PORTE DE ESTUPEFACIENTES","7","86","1"
"210","SECTOR PARQUE LA LIBERTAD","VIAS PUBLICAS","ARTÍCULO 376. TRÁFICO, FABRICACIÓN O PORTE DE ESTUPEFACIENTES","7","21","1"
"211","P.INDUSTRIAL A","VIAS PUBLICAS","ARTÍCULO 239. HURTO PERSONAS","6","7","1"
"212","LA PAZ CENTRO","VIAS PUBLICAS","ARTÍCULO 239. HURTO PERSONAS","6","22","1"
"213","SECTOR PARQUE LA LIBERTAD","VIAS PUBLICAS","ARTÍCULO 340. CONCIERTO PARA DELINQUIR","22","21","1"
"214","SANTA TERESITA","VIAS PUBLICAS","ARTÍCULO 239. HURTO PERSONAS","6","42","1"
"215","INTERMEDIO (V/SANTANA)","INTERIOR VEHICULO SERVICIO PUBLICO","ARTÍCULO 239. HURTO PERSONAS","6","78","19"
"216","SECTOR PARQUE LA LIBERTAD","ALMACENES","ARTÍCULO 239. HURTO ENTIDADES COMERCIALES","3","21","3"
"217","SECTOR PARQUE EL LAGO","VIAS PUBLICAS","ARTÍCULO 209. ACTOS SEXUALES CON MENOR DE 14 AÑOS","23","5","1"
"218","SECTOR CARCEL LA 40","VIAS PUBLICAS","ARTÍCULO 365. FABRICACIÓN, TRÁFICO, PORTE O TENENCIA DE ARMAS DE FUEGO,ACCESORIOS, PARTES O MUNICIONES","13","54","1"
"219","SECTOR CARCEL LA 40","VIAS PUBLICAS","ARTÍCULO 239. HURTO PERSONAS","6","54","1"
"220","SECTOR PLAZA DE BOLIVAR","VIAS PUBLICAS","ARTÍCULO 239. HURTO PERSONAS","6","1","1"
"221","SECTOR CARCEL LA 40","VIAS PUBLICAS","ARTÍCULO 365. FABRICACIÓN, TRÁFICO, PORTE O TENENCIA DE ARMAS DE FUEGO,ACCESORIOS, PARTES O MUNICIONES","13","54","1"
"222","EL TRIUNFO","VIAS PUBLICAS","ARTÍCULO 103. HOMICIDIO","15","45","1"
"223","BELMONTE COM. OLIMPICA","CASAS DE HABITACION","ARTÍCULO 229. VIOLENCIA INTRAFAMILIAR","10","87","6"
"224","LENINGRADO II","VIAS PUBLICAS","ARTÍCULO 365. FABRICACIÓN, TRÁFICO, PORTE O TENENCIA DE ARMAS DE FUEGO,ACCESORIOS, PARTES O MUNICIONES","13","88","1"
"225","TURIN","VIAS PUBLICAS","ARTÍCULO 239. HURTO PERSONAS","6","49","1"
"226","SAN NICOLAS","VIAS PUBLICAS","ARTÍCULO 111. LESIONES PERSONALES","11","43","1"
"227","SAN NICOLAS","VIAS PUBLICAS","ARTÍCULO 111. LESIONES PERSONALES","11","43","1"
"228","EL GUAYABAL (V/SANTANA)","VIAS PUBLICAS","ARTÍCULO 239. HURTO PERSONAS","6","89","1"
"229","GALICIA BAJA","VIAS PUBLICAS","ARTÍCULO 429. VIOLENCIA CONTRA SERVIDOR PÚBLICO","1","33","1"
"230","MARAYA","VIAS PUBLICAS","ARTÍCULO 208. ACCESO CARNAL ABUSIVO CON MENOR DE 14 AÑOS","12","90","1"
"231","ORMAZA CUBA","CASAS DE HABITACION","ARTÍCULO 376. TRÁFICO, FABRICACIÓN O PORTE DE ESTUPEFACIENTES","7","91","6"
"232","SANTA TERESITA","VIAS PUBLICAS","ARTÍCULO 239. HURTO PERSONAS","6","42","1"
"233","TERMINAL DE TRANSPORTES","TERMINAL DE TRANSPORTES","ARTÍCULO 346. UTILIZACIÓN ILEGAL DE UNIFORMES E INSIGNIAS","25","2","2"
"234","ESTACION VILLEGAS","VIAS PUBLICAS","ARTÍCULO 365. FABRICACIÓN, TRÁFICO, PORTE O TENENCIA DE ARMAS DE FUEGO,ACCESORIOS, PARTES O MUNICIONES","13","92","1"
"235","ESTACION VILLEGAS","VIAS PUBLICAS","ARTÍCULO 365. FABRICACIÓN, TRÁFICO, PORTE O TENENCIA DE ARMAS DE FUEGO,ACCESORIOS, PARTES O MUNICIONES","13","92","1"
"236","TERMINAL DE TRANSPORTES","TERMINAL DE TRANSPORTES","ARTÍCULO 376. TRÁFICO, FABRICACIÓN O PORTE DE ESTUPEFACIENTES","7","2","2"
"237","SECTOR PARQUE LA LIBERTAD","VIAS PUBLICAS","ARTÍCULO 239. HURTO PERSONAS","6","21","1"
"238","SECTOR PARQUE LA LIBERTAD","VIAS PUBLICAS","ARTÍCULO 376. TRÁFICO, FABRICACIÓN O PORTE DE ESTUPEFACIENTES","7","21","1"
"239","SECTOR GALERIA CENTRAL","ALMACENES","ARTÍCULO 239. HURTO ENTIDADES COMERCIALES","3","19","3"
"240","JOSE ANTONIO GALAN","VIAS PUBLICAS","ARTÍCULO 111. LESIONES PERSONALES","11","93","1"
"241","JOSE ANTONIO GALAN","VIAS PUBLICAS","ARTÍCULO 111. LESIONES PERSONALES","11","93","1"
"242","JOSE ANTONIO GALAN","VIAS PUBLICAS","ARTÍCULO 111. LESIONES PERSONALES","11","93","1"
"243","TRAVESURAS-LA CHURRIA","VIAS PUBLICAS","ARTÍCULO 376. TRÁFICO, FABRICACIÓN O PORTE DE ESTUPEFACIENTES","7","28","1"
"244","SAN JOAQUIN","VIAS PUBLICAS","ARTÍCULO 239. HURTO PERSONAS","6","27","1"
"245","GUAYABAL","VIAS PUBLICAS","ARTÍCULO 211. ACCESO CARNAL VIOLENTO (CIRCUNSTANCIAS AGRAVACIÓN)","30","94","1"
"246","TERMINAL DE TRANSPORTES","TERMINAL DE TRANSPORTES","ARTÍCULO 376. TRÁFICO, FABRICACIÓN O PORTE DE ESTUPEFACIENTES","7","2","2"
"247","BERLIN","VIAS PUBLICAS","ARTÍCULO 239. HURTO PERSONAS","6","95","1"
"248","PRIMERO DE FEBRERO 1","VIAS PUBLICAS","ARTÍCULO 239. HURTO PERSONAS","6","31","1"
"249","SECTOR PARQUE EL LAGO","VIAS PUBLICAS","ARTÍCULO 239. HURTO PERSONAS","6","5","1"
"250","SECTOR PLAZA DE BOLIVAR","VIAS PUBLICAS","ARTÍCULO 365. FABRICACIÓN, TRÁFICO, PORTE O TENENCIA DE ARMAS DE FUEGO,ACCESORIOS, PARTES O MUNICIONES","13","1","1"
"251","VERACRUZ V/SANTANA","VIAS PUBLICAS","ARTÍCULO 229. VIOLENCIA INTRAFAMILIAR","10","96","1"
"252","EL DANUBIO","VIAS PUBLICAS","ARTÍCULO 103. HOMICIDIO","15","97","1"
"253","JARDIN I","COLEGIOS, ESCUELAS","ARTÍCULO 239. HURTO PERSONAS","6","98","20"
"254","UNIVERSIDAD TECNOLOGICA","UNIVERSIDADES","ARTÍCULO 286. FALSEDAD IDEOLÓGICA EN DOCUMENTO PÚBLICO","24","99","21"
"255","SANTANDER - CENTRO V3","VIAS PUBLICAS","ARTÍCULO 239. HURTO PERSONAS","6","100","1"
"256","SANTANDER - CENTRO V3","VIAS PUBLICAS","ARTÍCULO 376. TRÁFICO, FABRICACIÓN O PORTE DE ESTUPEFACIENTES","7","100","1"
"257","ALTOS DE LLANOGRANDE","CASAS DE HABITACION","ARTÍCULO 376. TRÁFICO, FABRICACIÓN O PORTE DE ESTUPEFACIENTES","7","101","6"
"258","COMFAMILIAR C. CAFE","VIAS PUBLICAS","ARTÍCULO 376. TRÁFICO, FABRICACIÓN O PORTE DE ESTUPEFACIENTES","7","102","1"
"259","PRIMERO DE MAYO","VIAS PUBLICAS","ARTÍCULO 376. TRÁFICO, FABRICACIÓN O PORTE DE ESTUPEFACIENTES","7","103","1"
"260","BARAJAS","VIAS PUBLICAS","ARTÍCULO 376. TRÁFICO, FABRICACIÓN O PORTE DE ESTUPEFACIENTES","7","104","1"
"261","SAN FERNANDO","VIAS PUBLICAS","ARTÍCULO 239. HURTO PERSONAS","6","105","1"
"262","CENTRO (A) PEREIRA","VIAS PUBLICAS","ARTÍCULO 239. HURTO PERSONAS","6","10","1"
"263","CENTRO (A) PEREIRA","VIAS PUBLICAS","ARTÍCULO 239. HURTO PERSONAS","6","10","1"
"264","SANTANDER - ORIENTE V-10","VIAS PUBLICAS","ARTÍCULO 365. FABRICACIÓN, TRÁFICO, PORTE O TENENCIA DE ARMAS DE FUEGO,ACCESORIOS, PARTES O MUNICIONES","13","106","1"
"265","PRIMERO DE FEBRERO 1","INSTALACIONES JUDICIALES","ARTÍCULO 239. HURTO PERSONAS","6","31","22"
